,pca__n_components,score,feature
0,18,0.8422031559368812,vocal_channel
1,16,0.26901632482210136,emotion
2,4,0.46369358985725684,emotional_intensity
3,16,0.3350286262315092,statement
4,9,-0.03576048523873854,repetition
5,18,0.5348721204425904,actor
6,14,0.8707691418331069,sex
