,pca__n_components,kappa,feature
0,16,0.8626954094823895,vocal_channel
1,16,0.2519362098023362,emotion
2,4,0.43103179145637127,emotional_intensity
3,18,0.3522640452299699,statement
4,1,0.007255613295421015,repetition
5,18,0.49517864699836767,actor
6,17,0.8557961308262263,sex
