,pca__n_components,kappa,bal_accuracy,feature
0,18,0.8422031559368812,0.9159850640113798,vocal_channel
1,16,0.26901632482210136,0.37152795308125336,emotion
2,4,0.46369358985725684,0.728583916083916,emotional_intensity
3,16,0.3350286262315092,0.667072463768116,statement
4,9,-0.03576048523873854,0.48200856184195306,repetition
5,18,0.5348721204425904,0.5509489625298448,actor
6,14,0.8707691418331069,0.9356994099271086,sex
